0,0,0,0,0,0,0,0,0,0,0
ERR188021,A*24:02,A*11:02,B*57:01,B*41:29,C*06:02,C*17:07,DQB1*03:04,DQB1*04:01,DRB1*08:40,DRB1*04:10
ERR188023,NA,NA,NA,NA,NA,NA,NA,NA,NA,NA
ERR188025,A*31:05,A*29:71,B*51:01,B*15:02,C*07:17,C*01:02,DQB1*06:02,DQB1*05:02,DRB1*13:27,DRB1*11:03
ERR188026,NA,NA,NA,NA,NA,NA,NA,NA,NA,NA
ERR188027,NA,NA,NA,NA,NA,NA,NA,NA,NA,NA
ERR188028,A*29:02,A*02:01,B*67:01,B*39:06,C*12:14,C*06:02,DQB1*02:12,DQB1*03:03,DRB1*07:34,DRB1*09:21
ERR188029,A*29:49,A*31:32,B*13:02,B*35:01,C*01:21,C*06:12,DQB1*02:01,DQB1*06:03,DRB1*16:02,DRB1*15:01
ERR188031,A*02:64,A*69:01,B*15:11,B*56:03,C*04:01,C*17:09,DQB1*05:01,DQB1*03:03,DRB1*01:01,DRB1*04:07
ERR188032,NA,NA,NA,NA,NA,NA,NA,NA,NA,NA
ERR188033,A*11:56,A*30:02,B*58:01,B*08:09,C*04:38,C*07:01,DQB1*06:13,DQB1*05:02,DRB1*16:02,DRB1*01:01
ERR188034,NA,NA,NA,NA,NA,NA,NA,NA,NA,NA
ERR188035,A*03:17,A*11:16,B*44:02,B*57:01,C*06:02,C*05:09,DQB1*02:11,DQB1*03:99,DRB1*09:19,DRB1*07:23
ERR188036,NA,NA,NA,NA,NA,NA,NA,NA,NA,NA
ERR188038,A*01:01,A*03:01,B*42:01,B*08:10,C*04:01,C*08:03,DQB1*05:02,DQB1*02:12,DRB1*01:01,DRB1*03:01
ERR188039,NA,NA,NA,NA,NA,NA,NA,NA,NA,NA
ERR188040,NA,NA,NA,NA,NA,NA,NA,NA,NA,NA
ERR188041,A*68:88,A*02:44,B*07:12,B*15:03,C*06:24,C*01:21,DQB1*03:02,DQB1*06:02,DRB1*04:05,DRB1*01:03
ERR188042,A*02:47,A*30:51,B*35:20,B*15:10,C*07:38,C*17:09,DQB1*02:01,DQB1*03:03,DRB1*09:18,DRB1*07:22
